,wordID,target,meaningID,sesgoBase,sesgoGen
0,00,raya,1,-0.03284509852528572,-0.03284509852528572
1,00,raya,2,-0.03284509852528572,-0.03284509852528572
