,wordID,target,meaningID,sesgoBase,sesgoGen
0,00,raya,1,-0.0006739739328622818,-0.0006739739328622818
1,00,raya,2,-0.0006739739328622818,-0.0006739739328622818
