,wordID,target,meaningID,sesgoBase,sesgoGen
0,00,raya,1,-0.027142435312271118,-0.027142435312271118
1,00,raya,2,-0.027142435312271118,-0.027142435312271118
