,wordID,target,meaningID,sesgoBase,sesgoGen
0,00,raya,1,-0.025157654657959938,-0.025157654657959938
1,00,raya,2,-0.025157654657959938,-0.025157654657959938
