,wordID,target,meaningID,sesgoBase,sesgoGen
0,00,raya,1,-0.012615401297807693,-0.012615401297807693
1,00,raya,2,-0.012615401297807693,-0.012615401297807693
