,wordID,target,meaningID,sesgoBase,sesgoGen
0,00,raya,1,-0.029456809163093567,-0.029456809163093567
1,00,raya,2,-0.029456809163093567,-0.029456809163093567
