,wordID,target,meaningID,sesgoBase,sesgoGen
0,00,raya,1,0.04871779680252075,0.04871779680252075
1,00,raya,2,0.04871779680252075,0.04871779680252075
