,wordID,target,meaningID,sesgoBase,sesgoGen
0,00,raya,1,-0.024761058390140533,-0.024761058390140533
1,00,raya,2,-0.024761058390140533,-0.024761058390140533
