,wordID,target,meaningID,sesgoBase,sesgoGen
0,00,raya,1,0.9999999403953552,0.9999999403953552
1,00,raya,2,0.9999999403953552,0.9999999403953552
