,wordID,target,meaningID,sesgoBase,sesgoGen
0,00,raya,1,-0.0017235828563570976,-0.0017235828563570976
1,00,raya,2,-0.0017235828563570976,-0.0017235828563570976
