,wordID,target,meaningID,sesgoBase,sesgoGen
0,00,raya,1,-0.03107777237892151,-0.03107777237892151
1,00,raya,2,-0.03107777237892151,-0.03107777237892151
