,wordID,target,meaningID,sesgoBase,sesgoGen
0,00,raya,1,-0.03393428027629852,-0.03393428027629852
1,00,raya,2,-0.03393428027629852,-0.03393428027629852
