,wordID,target,meaningID,sesgoBase,sesgoGen
0,00,raya,1,-0.013937295414507389,-0.013937295414507389
1,00,raya,2,-0.013937295414507389,-0.013937295414507389
